{
  "protocol_version" : "0.0.6",
  "configuration" : {
    "version" : "(6.13.0) (explicit/7ea6b90eb94)",
    "tlc" : "normal",
    "sigsgev" : "altstack",
    "notifications" : "kqueue",
    "architecture" : "amd64",
    "disabled_features" : "com,shared_perfcounters",
    "smallconfig" : "disabled",
    "bigarrays" : "disabled",
    "softdebug" : "enabled",
    "interpreter" : "enabled",
    "llvm_support" : "disabled",
    "suspend" : "preemptive"
  },
  "memory" : {
    "Resident Size" : "500858880",
    "Virtual Size" : "38174171136",
    "minor_gc_time" : "0",
    "major_gc_time" : "1706466",
    "minor_gc_count" : "0",
    "major_gc_count" : "21",
    "major_gc_time_concurrent" : "0"
 },
  "threads" : [
 {
    "is_managed" : false,
    "offset_free_hash" : "0x0",
    "offset_rich_hash" : "0x0",
    "crashed" : false,
    "native_thread_id" : "0x7000069e0000",
    "thread_info_addr" : "0x7fce90040a00",
    "thread_name" : "Debugger agent",
    "ctx" : {
      "IP" : "0x7ff80fd3c196",
      "SP" : "0x7000069dfae8",
      "BP" : "0x7000069dfb20"
  },
    "unmanaged_frames" : [
  {
      "is_managed" : "false",
      "native_address" : "0x152be851a",
      "native_offset" : "0x00000"
   }
,
  {
      "is_managed" : "false",
      "native_address" : "0x152d414f0",
      "native_offset" : "0x00000"
   }
,
  {
      "is_managed" : "false",
      "native_address" : "0x152d4182a",
      "native_offset" : "0x00000"
   }
,
  {
      "is_managed" : "false",
      "native_address" : "0x152d415e1",
      "native_offset" : "0x00000"
   }
,
  {
      "is_managed" : "false",
      "native_address" : "0x152c45d71",
      "native_offset" : "0x00000"
   }
,
  {
      "is_managed" : "false",
      "native_address" : "0x7ff80fd87e2d",
      "native_offset" : "0x00000"
   }
,
  {
      "is_managed" : "false",
      "native_address" : "unregistered"
   }
,
  {
      "is_managed" : "false",
      "native_address" : "0x152c76c59",
      "native_offset" : "0x00000"
   }
,
  {
      "is_managed" : "false",
      "native_address" : "0x152d42238",
      "native_offset" : "0x00000"
   }
,
  {
      "is_managed" : "false",
      "native_address" : "0x152d420dd",
      "native_offset" : "0x00000"
   }
,
  {
      "is_managed" : "false",
      "native_address" : "0x152dbf381",
      "native_offset" : "0x00000"
   }
,
  {
      "is_managed" : "false",
      "native_address" : "0x152dbf319",
      "native_offset" : "0x00000"
   }
,
  {
      "is_managed" : "false",
      "native_address" : "0x7ff80fd72514",
      "native_offset" : "0x00000"
   }
,
  {
      "is_managed" : "false",
      "native_address" : "0x7ff80fd6e02f",
      "native_offset" : "0x00000"
   }

  ]
 },
 {
    "is_managed" : false,
    "offset_free_hash" : "0x0",
    "offset_rich_hash" : "0x0",
    "crashed" : false,
    "native_thread_id" : "0x700006ce9000",
    "thread_info_addr" : "0x7fce9d1e2600",
    "thread_name" : "tid_233af",
    "ctx" : {
      "IP" : "0x7ff80fd38506",
      "SP" : "0x700006ce8cb8",
      "BP" : "0x700006ce8d60"
  },
    "unmanaged_frames" : [
  {
      "is_managed" : "false",
      "native_address" : "0x152be851a",
      "native_offset" : "0x00000"
   }
,
  {
      "is_managed" : "false",
      "native_address" : "0x152d414f0",
      "native_offset" : "0x00000"
   }
,
  {
      "is_managed" : "false",
      "native_address" : "0x152d4182a",
      "native_offset" : "0x00000"
   }
,
  {
      "is_managed" : "false",
      "native_address" : "0x152d415e1",
      "native_offset" : "0x00000"
   }
,
  {
      "is_managed" : "false",
      "native_address" : "0x152c45d71",
      "native_offset" : "0x00000"
   }
,
  {
      "is_managed" : "false",
      "native_address" : "0x7ff80fd87e2d",
      "native_offset" : "0x00000"
   }
,
  {
      "is_managed" : "false",
      "native_address" : "0x7ff80fc3e8b5",
      "native_offset" : "0x00000"
   }
,
  {
      "is_managed" : "false",
      "native_address" : "0x152d8ff4c",
      "native_offset" : "0x00000"
   }
,
  {
      "is_managed" : "false",
      "native_address" : "0x152d99f1a",
      "native_offset" : "0x00000"
   }
,
  {
      "is_managed" : "false",
      "native_address" : "0x152c9a126",
      "native_offset" : "0x00000"
   }
,
  {
      "is_managed" : "false",
      "native_address" : "0x152d42238",
      "native_offset" : "0x00000"
   }
,
  {
      "is_managed" : "false",
      "native_address" : "0x152d420dd",
      "native_offset" : "0x00000"
   }
,
  {
      "is_managed" : "false",
      "native_address" : "0x152dbf381",
      "native_offset" : "0x00000"
   }
,
  {
      "is_managed" : "false",
      "native_address" : "0x152dbf319",
      "native_offset" : "0x00000"
   }
,
  {
      "is_managed" : "false",
      "native_address" : "0x7ff80fd72514",
      "native_offset" : "0x00000"
   }
,
  {
      "is_managed" : "false",
      "native_address" : "0x7ff80fd6e02f",
      "native_offset" : "0x00000"
   }

  ]
 },
 {
    "is_managed" : true,
    "offset_free_hash" : "0x6eb8f65a5",
    "offset_rich_hash" : "0x6eb8f6756",
    "crashed" : true,
    "native_thread_id" : "0x7000067dd000",
    "thread_info_addr" : "0x7fce9108b200",
    "thread_name" : "Finalizer",
    "ctx" : {
      "IP" : "0x15f3ebe36",
      "SP" : "0x7000067dcaa0",
      "BP" : "0x7000067dcba0"
  },
    "managed_frames" : [
  {
      "is_managed" : "true",
      "guid" : "E38A6D3E-E47C-43EB-9B2E-49C63FC0AA48",
      "token" : "0x00000",
      "native_offset" : "0x0",
      "filename" : "mscorlib.dll",
      "sizeofimage" : "0x470000",
      "timestamp" : "0xaf0ada7a",
      "il_offset" : "0x00006"
   }
,
  {
      "is_managed" : "true",
      "guid" : "E38A6D3E-E47C-43EB-9B2E-49C63FC0AA48",
      "token" : "0x6004707",
      "native_offset" : "0x0",
      "filename" : "mscorlib.dll",
      "sizeofimage" : "0x470000",
      "timestamp" : "0xaf0ada7a",
      "il_offset" : "0x0005a"
   }
,
  {
      "is_managed" : "true",
      "guid" : "E38A6D3E-E47C-43EB-9B2E-49C63FC0AA48",
      "token" : "0x60069db",
      "native_offset" : "0x0",
      "filename" : "mscorlib.dll",
      "sizeofimage" : "0x470000",
      "timestamp" : "0xaf0ada7a",
      "il_offset" : "0x0010a"
   }
,
  {
      "is_managed" : "true",
      "guid" : "E38A6D3E-E47C-43EB-9B2E-49C63FC0AA48",
      "token" : "0x60069dc",
      "native_offset" : "0x0",
      "filename" : "mscorlib.dll",
      "sizeofimage" : "0x470000",
      "timestamp" : "0xaf0ada7a",
      "il_offset" : "0x00000"
   }
,
  {
      "is_managed" : "true",
      "guid" : "E38A6D3E-E47C-43EB-9B2E-49C63FC0AA48",
      "token" : "0x6000b3e",
      "native_offset" : "0x0",
      "filename" : "mscorlib.dll",
      "sizeofimage" : "0x470000",
      "timestamp" : "0xaf0ada7a",
      "il_offset" : "0x0001d"
   }
,
  {
      "is_managed" : "true",
      "guid" : "E38A6D3E-E47C-43EB-9B2E-49C63FC0AA48",
      "token" : "0x00000",
      "native_offset" : "0x0",
      "filename" : "mscorlib.dll",
      "sizeofimage" : "0x470000",
      "timestamp" : "0xaf0ada7a",
      "il_offset" : "0x0002a"
   }

  ],
  "unmanaged_frames" : [
 {
    "is_managed" : "false",
    "native_address" : "0x152be851a",
    "native_offset" : "0x00000"
  }
,
 {
    "is_managed" : "false",
    "native_address" : "0x152d414f0",
    "native_offset" : "0x00000"
  }
,
 {
    "is_managed" : "false",
    "native_address" : "0x152d4182a",
    "native_offset" : "0x00000"
  }
,
 {
    "is_managed" : "false",
    "native_address" : "0x152d41ddf",
    "native_offset" : "0x00000"
  }
,
 {
    "is_managed" : "false",
    "native_address" : "0x152c46ab9",
    "native_offset" : "0x00000"
  }
,
 {
    "is_managed" : "false",
    "native_address" : "0x152becab7",
    "native_offset" : "0x00000"
  }
,
 {
    "is_managed" : "false",
    "native_address" : "0x152dc0225",
    "native_offset" : "0x00000"
  }
,
 {
    "is_managed" : "false",
    "native_address" : "0x152c41cc3",
    "native_offset" : "0x00000"
  }
,
 {
    "is_managed" : "true",
    "guid" : "E38A6D3E-E47C-43EB-9B2E-49C63FC0AA48",
    "token" : "0x00000",
    "native_offset" : "0x0",
    "filename" : "mscorlib.dll",
    "sizeofimage" : "0x470000",
    "timestamp" : "0xaf0ada7a",
    "il_offset" : "0x00000"
  }
,
 {
    "is_managed" : "true",
    "guid" : "E38A6D3E-E47C-43EB-9B2E-49C63FC0AA48",
    "token" : "0x60069db",
    "native_offset" : "0x0",
    "filename" : "mscorlib.dll",
    "sizeofimage" : "0x470000",
    "timestamp" : "0xaf0ada7a",
    "il_offset" : "0x00000"
  }
,
 {
    "is_managed" : "true",
    "guid" : "E38A6D3E-E47C-43EB-9B2E-49C63FC0AA48",
    "token" : "0x60069dc",
    "native_offset" : "0x0",
    "filename" : "mscorlib.dll",
    "sizeofimage" : "0x470000",
    "timestamp" : "0xaf0ada7a",
    "il_offset" : "0x00000"
  }
,
 {
    "is_managed" : "true",
    "guid" : "E38A6D3E-E47C-43EB-9B2E-49C63FC0AA48",
    "token" : "0x00000",
    "native_offset" : "0x0",
    "filename" : "mscorlib.dll",
    "sizeofimage" : "0x470000",
    "timestamp" : "0xaf0ada7a",
    "il_offset" : "0x00000"
  }
,
 {
    "is_managed" : "false",
    "native_address" : "0x152d7a03b",
    "native_offset" : "0x00000"
  }
,
 {
    "is_managed" : "false",
    "native_address" : "0x152db79cd",
    "native_offset" : "0x00000"
  }
,
 {
    "is_managed" : "false",
    "native_address" : "0x152d7bc2d",
    "native_offset" : "0x00000"
  }
,
 {
    "is_managed" : "false",
    "native_address" : "0x152d42238",
    "native_offset" : "0x00000"
  }
,
 {
    "is_managed" : "false",
    "native_address" : "0x152d420dd",
    "native_offset" : "0x00000"
  }
,
 {
    "is_managed" : "false",
    "native_address" : "0x152dbf381",
    "native_offset" : "0x00000"
  }
,
 {
    "is_managed" : "false",
    "native_address" : "0x152dbf319",
    "native_offset" : "0x00000"
  }
,
 {
    "is_managed" : "false",
    "native_address" : "0x7ff80fd72514",
    "native_offset" : "0x00000"
  }
,
 {
    "is_managed" : "false",
    "native_address" : "0x7ff80fd6e02f",
    "native_offset" : "0x00000"
  }

 ]
},
{
  "is_managed" : false,
  "offset_free_hash" : "0x0",
  "offset_rich_hash" : "0x0",
  "crashed" : false,
  "native_thread_id" : "0x700006ae6000",
  "thread_info_addr" : "0x7fce96cfe200",
  "thread_name" : "tid_3160b",
  "ctx" : {
    "IP" : "0x7ff80fd35af6",
    "SP" : "0x700006ae5d88",
    "BP" : "0x700006ae5da0"
 },
  "unmanaged_frames" : [
 {
    "is_managed" : "false",
    "native_address" : "0x152be851a",
    "native_offset" : "0x00000"
  }
,
 {
    "is_managed" : "false",
    "native_address" : "0x152d414f0",
    "native_offset" : "0x00000"
  }
,
 {
    "is_managed" : "false",
    "native_address" : "0x152d4182a",
    "native_offset" : "0x00000"
  }
,
 {
    "is_managed" : "false",
    "native_address" : "0x152d415e1",
    "native_offset" : "0x00000"
  }
,
 {
    "is_managed" : "false",
    "native_address" : "0x152c45d71",
    "native_offset" : "0x00000"
  }
,
 {
    "is_managed" : "false",
    "native_address" : "0x7ff80fd87e2d",
    "native_offset" : "0x00000"
  }
,
 {
    "is_managed" : "false",
    "native_address" : "0x108d26855",
    "native_offset" : "0x00000"
  }
,
 {
    "is_managed" : "false",
    "native_address" : "0x7ff80fbbc647",
    "native_offset" : "0x00000"
  }
,
 {
    "is_managed" : "false",
    "native_address" : "0x109978bd8",
    "native_offset" : "0x00000"
  }
,
 {
    "is_managed" : "false",
    "native_address" : "0x10717f77a",
    "native_offset" : "0x00000"
  }
,
 {
    "is_managed" : "false",
    "native_address" : "0x10758410d",
    "native_offset" : "0x00000"
  }
,
 {
    "is_managed" : "false",
    "native_address" : "0x107584098",
    "native_offset" : "0x00000"
  }
,
 {
    "is_managed" : "false",
    "native_address" : "0x10771f67b",
    "native_offset" : "0x00000"
  }
,
 {
    "is_managed" : "false",
    "native_address" : "0x7ff80fd72514",
    "native_offset" : "0x00000"
  }
,
 {
    "is_managed" : "false",
    "native_address" : "0x7ff80fd6e02f",
    "native_offset" : "0x00000"
  }

 ]
},
{
  "is_managed" : false,
  "offset_free_hash" : "0x0",
  "offset_rich_hash" : "0x0",
  "crashed" : false,
  "native_thread_id" : "0x113c6f600",
  "thread_info_addr" : "0x7fce919a0400",
  "thread_name" : "tid_103",
  "ctx" : {
    "IP" : "0x7ff80fd383da",
    "SP" : "0x7ff7b928e688",
    "BP" : "0x7ff7b928e6c0"
 },
  "unmanaged_frames" : [
 {
    "is_managed" : "false",
    "native_address" : "0x152be851a",
    "native_offset" : "0x00000"
  }
,
 {
    "is_managed" : "false",
    "native_address" : "0x152d414f0",
    "native_offset" : "0x00000"
  }
,
 {
    "is_managed" : "false",
    "native_address" : "0x152d4182a",
    "native_offset" : "0x00000"
  }
,
 {
    "is_managed" : "false",
    "native_address" : "0x152d415e1",
    "native_offset" : "0x00000"
  }
,
 {
    "is_managed" : "false",
    "native_address" : "0x152c45d71",
    "native_offset" : "0x00000"
  }
,
 {
    "is_managed" : "false",
    "native_address" : "0x7ff80fd87e2d",
    "native_offset" : "0x00000"
  }
,
 {
    "is_managed" : "false",
    "native_address" : "0x152de79b4",
    "native_offset" : "0x00000"
  }
,
 {
    "is_managed" : "false",
    "native_address" : "0x10771fdf2",
    "native_offset" : "0x00000"
  }
,
 {
    "is_managed" : "false",
    "native_address" : "0x108d6b28f",
    "native_offset" : "0x00000"
  }
,
 {
    "is_managed" : "false",
    "native_address" : "0x108d6afb6",
    "native_offset" : "0x00000"
  }
,
 {
    "is_managed" : "false",
    "native_address" : "0x108d65da8",
    "native_offset" : "0x00000"
  }
,
 {
    "is_managed" : "false",
    "native_address" : "0x108d3cd03",
    "native_offset" : "0x00000"
  }
,
 {
    "is_managed" : "false",
    "native_address" : "0x108d3eddc",
    "native_offset" : "0x00000"
  }
,
 {
    "is_managed" : "false",
    "native_address" : "0x108e0551e",
    "native_offset" : "0x00000"
  }
,
 {
    "is_managed" : "false",
    "native_address" : "0x1088a94ad",
    "native_offset" : "0x00000"
  }
,
 {
    "is_managed" : "false",
    "native_address" : "0x1097aa8e1",
    "native_offset" : "0x00000"
  }
,
 {
    "is_managed" : "false",
    "native_address" : "0x7ff80fe2ee73",
    "native_offset" : "0x00000"
  }
,
 {
    "is_managed" : "false",
    "native_address" : "0x7ff80fecc349",
    "native_offset" : "0x00000"
  }
,
 {
    "is_managed" : "false",
    "native_address" : "0x7ff80fecc2c6",
    "native_offset" : "0x00000"
  }
,
 {
    "is_managed" : "false",
    "native_address" : "0x7ff80fe00786",
    "native_offset" : "0x00000"
  }
,
 {
    "is_managed" : "false",
    "native_address" : "0x7ff810c48996",
    "native_offset" : "0x00000"
  }
,
 {
    "is_managed" : "false",
    "native_address" : "0x7ff812a022dd",
    "native_offset" : "0x00000"
  }
,
 {
    "is_managed" : "false",
    "native_address" : "0x7ff8129d326e",
    "native_offset" : "0x00000"
  }
,
 {
    "is_managed" : "false",
    "native_address" : "0x1097a81ae",
    "native_offset" : "0x00000"
  }
,
 {
    "is_managed" : "false",
    "native_address" : "0x7ff812a6188b",
    "native_offset" : "0x00000"
  }
,
 {
    "is_managed" : "false",
    "native_address" : "0x7ff812a60af0",
    "native_offset" : "0x00000"
  }
,
 {
    "is_managed" : "false",
    "native_address" : "0x7ff8129d50a4",
    "native_offset" : "0x00000"
  }
,
 {
    "is_managed" : "false",
    "native_address" : "0x7ff8129d446e",
    "native_offset" : "0x00000"
  }
,
 {
    "is_managed" : "false",
    "native_address" : "0x7ff8129d283c",
    "native_offset" : "0x00000"
  }
,
 {
    "is_managed" : "false",
    "native_address" : "0x1097a81ae",
    "native_offset" : "0x00000"
  }
,
 {
    "is_managed" : "false",
    "native_address" : "0x1097ab787",
    "native_offset" : "0x00000"
  }
,
 {
    "is_managed" : "false",
    "native_address" : "0x7ff810ce1930",
    "native_offset" : "0x00000"
  }
,
 {
    "is_managed" : "false",
    "native_address" : "0x7ff80fe5279f",
    "native_offset" : "0x00000"
  }
,
 {
    "is_managed" : "false",
    "native_address" : "0x7ff80fe5228e",
    "native_offset" : "0x00000"
  }
,
 {
    "is_managed" : "false",
    "native_address" : "0x7ff80fe51ded",
    "native_offset" : "0x00000"
  }
,
 {
    "is_managed" : "false",
    "native_address" : "0x7ff80fe383af",
    "native_offset" : "0x00000"
  }
,
 {
    "is_managed" : "false",
    "native_address" : "0x7ff80fe3752d",
    "native_offset" : "0x00000"
  }
,
 {
    "is_managed" : "false",
    "native_address" : "0x7ff818a553e1",
    "native_offset" : "0x00000"
  }
,
 {
    "is_managed" : "false",
    "native_address" : "0x7ff818a55137",
    "native_offset" : "0x00000"
  }
,
 {
    "is_managed" : "false",
    "native_address" : "0x7ff818a54ed5",
    "native_offset" : "0x00000"
  }
,
 {
    "is_managed" : "false",
    "native_address" : "0x7ff8128628f0",
    "native_offset" : "0x00000"
  }
,
 {
    "is_managed" : "false",
    "native_address" : "0x7ff812860f5c",
    "native_offset" : "0x00000"
  }
,
 {
    "is_managed" : "false",
    "native_address" : "0x7ff812853359",
    "native_offset" : "0x00000"
  }
,
 {
    "is_managed" : "false",
    "native_address" : "0x7ff8128271f8",
    "native_offset" : "0x00000"
  }
,
 {
    "is_managed" : "false",
    "native_address" : "0x1097a8915",
    "native_offset" : "0x00000"
  }
,
 {
    "is_managed" : "false",
    "native_address" : "0x1097a8c39",
    "native_offset" : "0x00000"
  }
,
 {
    "is_managed" : "false",
    "native_address" : "0x113bfc4fe",
    "native_offset" : "0x00000"
  }

 ]
},
{
  "is_managed" : false,
  "offset_free_hash" : "0x0",
  "offset_rich_hash" : "0x0",
  "crashed" : false,
  "native_thread_id" : "0x700007d0a000",
  "thread_info_addr" : "0x7fce91833e00",
  "thread_name" : "Thread Pool I/O Selector",
  "ctx" : {
    "IP" : "0x7ff80fd3de4a",
    "SP" : "0x700007d09b78",
    "BP" : "0x700007d09d50"
 },
  "unmanaged_frames" : [
 {
    "is_managed" : "false",
    "native_address" : "0x152be851a",
    "native_offset" : "0x00000"
  }
,
 {
    "is_managed" : "false",
    "native_address" : "0x152d414f0",
    "native_offset" : "0x00000"
  }
,
 {
    "is_managed" : "false",
    "native_address" : "0x152d4182a",
    "native_offset" : "0x00000"
  }
,
 {
    "is_managed" : "false",
    "native_address" : "0x152d415e1",
    "native_offset" : "0x00000"
  }
,
 {
    "is_managed" : "false",
    "native_address" : "0x152c45d71",
    "native_offset" : "0x00000"
  }
,
 {
    "is_managed" : "false",
    "native_address" : "0x7ff80fd87e2d",
    "native_offset" : "0x00000"
  }
,
 {
    "is_managed" : "false",
    "native_address" : "unregistered"
  }
,
 {
    "is_managed" : "false",
    "native_address" : "0x152d46404",
    "native_offset" : "0x00000"
  }
,
 {
    "is_managed" : "false",
    "native_address" : "0x152d45e8d",
    "native_offset" : "0x00000"
  }
,
 {
    "is_managed" : "false",
    "native_address" : "0x152d42238",
    "native_offset" : "0x00000"
  }
,
 {
    "is_managed" : "false",
    "native_address" : "0x152d420dd",
    "native_offset" : "0x00000"
  }
,
 {
    "is_managed" : "false",
    "native_address" : "0x152dbf381",
    "native_offset" : "0x00000"
  }
,
 {
    "is_managed" : "false",
    "native_address" : "0x152dbf319",
    "native_offset" : "0x00000"
  }
,
 {
    "is_managed" : "false",
    "native_address" : "0x7ff80fd72514",
    "native_offset" : "0x00000"
  }
,
 {
    "is_managed" : "false",
    "native_address" : "0x7ff80fd6e02f",
    "native_offset" : "0x00000"
  }

 ]
},
{
  "is_managed" : false,
  "offset_free_hash" : "0x0",
  "offset_rich_hash" : "0x0",
  "crashed" : false,
  "native_thread_id" : "0x700008096000",
  "thread_info_addr" : "0x7fce905dee00",
  "thread_name" : "Thread Pool Worker",
  "ctx" : {
    "IP" : "0x7ff80fd35b0e",
    "SP" : "0x700008095df8",
    "BP" : "0x700008095e60"
 },
  "unmanaged_frames" : [
 {
    "is_managed" : "false",
    "native_address" : "0x152be851a",
    "native_offset" : "0x00000"
  }
,
 {
    "is_managed" : "false",
    "native_address" : "0x152d414f0",
    "native_offset" : "0x00000"
  }
,
 {
    "is_managed" : "false",
    "native_address" : "0x152d4182a",
    "native_offset" : "0x00000"
  }
,
 {
    "is_managed" : "false",
    "native_address" : "0x152d415e1",
    "native_offset" : "0x00000"
  }
,
 {
    "is_managed" : "false",
    "native_address" : "0x152c45d71",
    "native_offset" : "0x00000"
  }
,
 {
    "is_managed" : "false",
    "native_address" : "0x7ff80fd87e2d",
    "native_offset" : "0x00000"
  }
,
 {
    "is_managed" : "false",
    "native_address" : "0x700008095ae8",
    "native_offset" : "0x00000"
  }
,
 {
    "is_managed" : "false",
    "native_address" : "0x152d42238",
    "native_offset" : "0x00000"
  }
,
 {
    "is_managed" : "false",
    "native_address" : "0x152d420dd",
    "native_offset" : "0x00000"
  }
,
 {
    "is_managed" : "false",
    "native_address" : "0x152dbf381",
    "native_offset" : "0x00000"
  }
,
 {
    "is_managed" : "false",
    "native_address" : "0x152dbf319",
    "native_offset" : "0x00000"
  }
,
 {
    "is_managed" : "false",
    "native_address" : "0x7ff80fd72514",
    "native_offset" : "0x00000"
  }
,
 {
    "is_managed" : "false",
    "native_address" : "0x7ff80fd6e02f",
    "native_offset" : "0x00000"
  }

 ]
},
{
  "is_managed" : true,
  "offset_free_hash" : "0xaa15f36dd",
  "offset_rich_hash" : "0xaa15f3867",
  "crashed" : false,
  "native_thread_id" : "0x700007b07000",
  "thread_info_addr" : "0x7fce9ce34c00",
  "thread_name" : "tid_2d907",
  "ctx" : {
    "IP" : "0x7ff80fd38506",
    "SP" : "0x700007b06648",
    "BP" : "0x700007b066f0"
 },
  "managed_frames" : [
 {
    "is_managed" : "false",
    "native_address" : "unregistered"
  }
,
 {
    "is_managed" : "true",
    "guid" : "E38A6D3E-E47C-43EB-9B2E-49C63FC0AA48",
    "token" : "0x00000",
    "native_offset" : "0x0",
    "filename" : "mscorlib.dll",
    "sizeofimage" : "0x470000",
    "timestamp" : "0xaf0ada7a",
    "il_offset" : "0x00000"
  }
,
 {
    "is_managed" : "true",
    "guid" : "E38A6D3E-E47C-43EB-9B2E-49C63FC0AA48",
    "token" : "0x6001f5d",
    "native_offset" : "0x0",
    "filename" : "mscorlib.dll",
    "sizeofimage" : "0x470000",
    "timestamp" : "0xaf0ada7a",
    "il_offset" : "0x0002f"
  }
,
 {
    "is_managed" : "true",
    "guid" : "E38A6D3E-E47C-43EB-9B2E-49C63FC0AA48",
    "token" : "0x6001f50",
    "native_offset" : "0x0",
    "filename" : "mscorlib.dll",
    "sizeofimage" : "0x470000",
    "timestamp" : "0xaf0ada7a",
    "il_offset" : "0x0000e"
  }
,
 {
    "is_managed" : "true",
    "guid" : "E38A6D3E-E47C-43EB-9B2E-49C63FC0AA48",
    "token" : "0x6001f52",
    "native_offset" : "0x0",
    "filename" : "mscorlib.dll",
    "sizeofimage" : "0x470000",
    "timestamp" : "0xaf0ada7a",
    "il_offset" : "0x00000"
  }
,
 {
    "is_managed" : "true",
    "guid" : "D5F9CBDF-B9F0-4FBF-95C8-63FB10686ED4",
    "token" : "0x6005777",
    "native_offset" : "0x0",
    "filename" : "unityplastic.dll",
    "sizeofimage" : "0x4c0000",
    "timestamp" : "0x6228ec27",
    "il_offset" : "0x00030"
  }
,
 {
    "is_managed" : "true",
    "guid" : "E38A6D3E-E47C-43EB-9B2E-49C63FC0AA48",
    "token" : "0x6001f7d",
    "native_offset" : "0x0",
    "filename" : "mscorlib.dll",
    "sizeofimage" : "0x470000",
    "timestamp" : "0xaf0ada7a",
    "il_offset" : "0x00014"
  }
,
 {
    "is_managed" : "true",
    "guid" : "E38A6D3E-E47C-43EB-9B2E-49C63FC0AA48",
    "token" : "0x6001f25",
    "native_offset" : "0x0",
    "filename" : "mscorlib.dll",
    "sizeofimage" : "0x470000",
    "timestamp" : "0xaf0ada7a",
    "il_offset" : "0x00071"
  }
,
 {
    "is_managed" : "true",
    "guid" : "E38A6D3E-E47C-43EB-9B2E-49C63FC0AA48",
    "token" : "0x6001f23",
    "native_offset" : "0x0",
    "filename" : "mscorlib.dll",
    "sizeofimage" : "0x470000",
    "timestamp" : "0xaf0ada7a",
    "il_offset" : "0x00000"
  }
,
 {
    "is_managed" : "true",
    "guid" : "E38A6D3E-E47C-43EB-9B2E-49C63FC0AA48",
    "token" : "0x6001f22",
    "native_offset" : "0x0",
    "filename" : "mscorlib.dll",
    "sizeofimage" : "0x470000",
    "timestamp" : "0xaf0ada7a",
    "il_offset" : "0x0002b"
  }
,
 {
    "is_managed" : "true",
    "guid" : "E38A6D3E-E47C-43EB-9B2E-49C63FC0AA48",
    "token" : "0x6001f7f",
    "native_offset" : "0x0",
    "filename" : "mscorlib.dll",
    "sizeofimage" : "0x470000",
    "timestamp" : "0xaf0ada7a",
    "il_offset" : "0x00008"
  }
,
 {
    "is_managed" : "true",
    "guid" : "E38A6D3E-E47C-43EB-9B2E-49C63FC0AA48",
    "token" : "0x00000",
    "native_offset" : "0x0",
    "filename" : "mscorlib.dll",
    "sizeofimage" : "0x470000",
    "timestamp" : "0xaf0ada7a",
    "il_offset" : "0x00065"
  }

 ],
"unmanaged_frames" : [
{
  "is_managed" : "false",
  "native_address" : "0x152be851a",
  "native_offset" : "0x00000"
 }
,
{
  "is_managed" : "false",
  "native_address" : "0x152d414f0",
  "native_offset" : "0x00000"
 }
,
{
  "is_managed" : "false",
  "native_address" : "0x152d4182a",
  "native_offset" : "0x00000"
 }
,
{
  "is_managed" : "false",
  "native_address" : "0x152d415e1",
  "native_offset" : "0x00000"
 }
,
{
  "is_managed" : "false",
  "native_address" : "0x152c45d71",
  "native_offset" : "0x00000"
 }
,
{
  "is_managed" : "false",
  "native_address" : "0x7ff80fd87e2d",
  "native_offset" : "0x00000"
 }
,
{
  "is_managed" : "false",
  "native_address" : "0x600002b90000",
  "native_offset" : "0x00000"
 }
,
{
  "is_managed" : "false",
  "native_address" : "0x152d8ff4c",
  "native_offset" : "0x00000"
 }
,
{
  "is_managed" : "false",
  "native_address" : "0x152d4c545",
  "native_offset" : "0x00000"
 }
,
{
  "is_managed" : "false",
  "native_address" : "0x152d4c3a7",
  "native_offset" : "0x00000"
 }
,
{
  "is_managed" : "false",
  "native_address" : "0x152d7cc2c",
  "native_offset" : "0x00000"
 }
,
{
  "is_managed" : "false",
  "native_address" : "0x152ce6827",
  "native_offset" : "0x00000"
 }
,
{
  "is_managed" : "true",
  "guid" : "E38A6D3E-E47C-43EB-9B2E-49C63FC0AA48",
  "token" : "0x00000",
  "native_offset" : "0x0",
  "filename" : "mscorlib.dll",
  "sizeofimage" : "0x470000",
  "timestamp" : "0xaf0ada7a",
  "il_offset" : "0x00000"
 }
,
{
  "is_managed" : "true",
  "guid" : "E38A6D3E-E47C-43EB-9B2E-49C63FC0AA48",
  "token" : "0x6001f50",
  "native_offset" : "0x0",
  "filename" : "mscorlib.dll",
  "sizeofimage" : "0x470000",
  "timestamp" : "0xaf0ada7a",
  "il_offset" : "0x00000"
 }
,
{
  "is_managed" : "true",
  "guid" : "E38A6D3E-E47C-43EB-9B2E-49C63FC0AA48",
  "token" : "0x6001f7d",
  "native_offset" : "0x0",
  "filename" : "mscorlib.dll",
  "sizeofimage" : "0x470000",
  "timestamp" : "0xaf0ada7a",
  "il_offset" : "0x00000"
 }
,
{
  "is_managed" : "true",
  "guid" : "E38A6D3E-E47C-43EB-9B2E-49C63FC0AA48",
  "token" : "0x6001f23",
  "native_offset" : "0x0",
  "filename" : "mscorlib.dll",
  "sizeofimage" : "0x470000",
  "timestamp" : "0xaf0ada7a",
  "il_offset" : "0x00000"
 }
,
{
  "is_managed" : "false",
  "native_address" : "0x152b6bf3c",
  "native_offset" : "0x00000"
 }
,
{
  "is_managed" : "false",
  "native_address" : "0x152d21467",
  "native_offset" : "0x00000"
 }
,
{
  "is_managed" : "false",
  "native_address" : "0x152d22f71",
  "native_offset" : "0x00000"
 }
,
{
  "is_managed" : "false",
  "native_address" : "0x152d4230c",
  "native_offset" : "0x00000"
 }
,
{
  "is_managed" : "false",
  "native_address" : "0x152d420dd",
  "native_offset" : "0x00000"
 }
,
{
  "is_managed" : "false",
  "native_address" : "0x152dbf381",
  "native_offset" : "0x00000"
 }
,
{
  "is_managed" : "false",
  "native_address" : "0x152dbf319",
  "native_offset" : "0x00000"
 }
,
{
  "is_managed" : "false",
  "native_address" : "0x7ff80fd72514",
  "native_offset" : "0x00000"
 }
,
{
  "is_managed" : "false",
  "native_address" : "0x7ff80fd6e02f",
  "native_offset" : "0x00000"
 }

]
},
{
"is_managed" : true,
"offset_free_hash" : "0x124d1ee1ec",
"offset_rich_hash" : "0x124d1ee4d7",
"crashed" : false,
"native_thread_id" : "0x7000074f5000",
"thread_info_addr" : "0x7fce98e2c000",
"thread_name" : "Thread Pool Worker",
"ctx" : {
  "IP" : "0x7ff80fd38506",
  "SP" : "0x7000074f3d68",
  "BP" : "0x7000074f3e10"
},
"managed_frames" : [
{
  "is_managed" : "false",
  "native_address" : "unregistered"
 }
,
{
  "is_managed" : "true",
  "guid" : "E38A6D3E-E47C-43EB-9B2E-49C63FC0AA48",
  "token" : "0x00000",
  "native_offset" : "0x0",
  "filename" : "mscorlib.dll",
  "sizeofimage" : "0x470000",
  "timestamp" : "0xaf0ada7a",
  "il_offset" : "0x00000"
 }
,
{
  "is_managed" : "true",
  "guid" : "E38A6D3E-E47C-43EB-9B2E-49C63FC0AA48",
  "token" : "0x60020b2",
  "native_offset" : "0x0",
  "filename" : "mscorlib.dll",
  "sizeofimage" : "0x470000",
  "timestamp" : "0xaf0ada7a",
  "il_offset" : "0x00044"
 }
,
{
  "is_managed" : "true",
  "guid" : "E38A6D3E-E47C-43EB-9B2E-49C63FC0AA48",
  "token" : "0x600209e",
  "native_offset" : "0x0",
  "filename" : "mscorlib.dll",
  "sizeofimage" : "0x470000",
  "timestamp" : "0xaf0ada7a",
  "il_offset" : "0x00014"
 }
,
{
  "is_managed" : "true",
  "guid" : "E38A6D3E-E47C-43EB-9B2E-49C63FC0AA48",
  "token" : "0x600209d",
  "native_offset" : "0x0",
  "filename" : "mscorlib.dll",
  "sizeofimage" : "0x470000",
  "timestamp" : "0xaf0ada7a",
  "il_offset" : "0x00000"
 }
,
{
  "is_managed" : "true",
  "guid" : "E38A6D3E-E47C-43EB-9B2E-49C63FC0AA48",
  "token" : "0x6002099",
  "native_offset" : "0x0",
  "filename" : "mscorlib.dll",
  "sizeofimage" : "0x470000",
  "timestamp" : "0xaf0ada7a",
  "il_offset" : "0x0002c"
 }
,
{
  "is_managed" : "true",
  "guid" : "E38A6D3E-E47C-43EB-9B2E-49C63FC0AA48",
  "token" : "0x600209c",
  "native_offset" : "0x0",
  "filename" : "mscorlib.dll",
  "sizeofimage" : "0x470000",
  "timestamp" : "0xaf0ada7a",
  "il_offset" : "0x00000"
 }
,
{
  "is_managed" : "true",
  "guid" : "7D5B346E-100B-493A-8D2D-B4ABD4098568",
  "token" : "0x600014e",
  "native_offset" : "0x0",
  "filename" : "Bee.BeeDriver.dll",
  "sizeofimage" : "0x1c000",
  "timestamp" : "0xea634193",
  "il_offset" : "0x000bb"
 }
,
{
  "is_managed" : "true",
  "guid" : "7D5B346E-100B-493A-8D2D-B4ABD4098568",
  "token" : "0x600023e",
  "native_offset" : "0x0",
  "filename" : "Bee.BeeDriver.dll",
  "sizeofimage" : "0x1c000",
  "timestamp" : "0xea634193",
  "il_offset" : "0x00010"
 }
,
{
  "is_managed" : "true",
  "guid" : "E38A6D3E-E47C-43EB-9B2E-49C63FC0AA48",
  "token" : "0x6002300",
  "native_offset" : "0x0",
  "filename" : "mscorlib.dll",
  "sizeofimage" : "0x470000",
  "timestamp" : "0xaf0ada7a",
  "il_offset" : "0x0000f"
 }
,
{
  "is_managed" : "true",
  "guid" : "E38A6D3E-E47C-43EB-9B2E-49C63FC0AA48",
  "token" : "0x60023fa",
  "native_offset" : "0x0",
  "filename" : "mscorlib.dll",
  "sizeofimage" : "0x470000",
  "timestamp" : "0xaf0ada7a",
  "il_offset" : "0x00000"
 }
,
{
  "is_managed" : "true",
  "guid" : "E38A6D3E-E47C-43EB-9B2E-49C63FC0AA48",
  "token" : "0x60023fd",
  "native_offset" : "0x0",
  "filename" : "mscorlib.dll",
  "sizeofimage" : "0x470000",
  "timestamp" : "0xaf0ada7a",
  "il_offset" : "0x00000"
 }
,
{
  "is_managed" : "true",
  "guid" : "E38A6D3E-E47C-43EB-9B2E-49C63FC0AA48",
  "token" : "0x6001f25",
  "native_offset" : "0x0",
  "filename" : "mscorlib.dll",
  "sizeofimage" : "0x470000",
  "timestamp" : "0xaf0ada7a",
  "il_offset" : "0x00071"
 }
,
{
  "is_managed" : "true",
  "guid" : "E38A6D3E-E47C-43EB-9B2E-49C63FC0AA48",
  "token" : "0x6001f23",
  "native_offset" : "0x0",
  "filename" : "mscorlib.dll",
  "sizeofimage" : "0x470000",
  "timestamp" : "0xaf0ada7a",
  "il_offset" : "0x00000"
 }
,
{
  "is_managed" : "true",
  "guid" : "E38A6D3E-E47C-43EB-9B2E-49C63FC0AA48",
  "token" : "0x6002466",
  "native_offset" : "0x0",
  "filename" : "mscorlib.dll",
  "sizeofimage" : "0x470000",
  "timestamp" : "0xaf0ada7a",
  "il_offset" : "0x00034"
 }
,
{
  "is_managed" : "true",
  "guid" : "E38A6D3E-E47C-43EB-9B2E-49C63FC0AA48",
  "token" : "0x60023fc",
  "native_offset" : "0x0",
  "filename" : "mscorlib.dll",
  "sizeofimage" : "0x470000",
  "timestamp" : "0xaf0ada7a",
  "il_offset" : "0x0004a"
 }
,
{
  "is_managed" : "true",
  "guid" : "E38A6D3E-E47C-43EB-9B2E-49C63FC0AA48",
  "token" : "0x60023fb",
  "native_offset" : "0x0",
  "filename" : "mscorlib.dll",
  "sizeofimage" : "0x470000",
  "timestamp" : "0xaf0ada7a",
  "il_offset" : "0x00000"
 }
,
{
  "is_managed" : "true",
  "guid" : "E38A6D3E-E47C-43EB-9B2E-49C63FC0AA48",
  "token" : "0x6002031",
  "native_offset" : "0x0",
  "filename" : "mscorlib.dll",
  "sizeofimage" : "0x470000",
  "timestamp" : "0xaf0ada7a",
  "il_offset" : "0x00074"
 }
,
{
  "is_managed" : "true",
  "guid" : "E38A6D3E-E47C-43EB-9B2E-49C63FC0AA48",
  "token" : "0x6002046",
  "native_offset" : "0x0",
  "filename" : "mscorlib.dll",
  "sizeofimage" : "0x470000",
  "timestamp" : "0xaf0ada7a",
  "il_offset" : "0x00000"
 }
,
{
  "is_managed" : "true",
  "guid" : "E38A6D3E-E47C-43EB-9B2E-49C63FC0AA48",
  "token" : "0x00000",
  "native_offset" : "0x0",
  "filename" : "mscorlib.dll",
  "sizeofimage" : "0x470000",
  "timestamp" : "0xaf0ada7a",
  "il_offset" : "0x0002a"
 }

],
"unmanaged_frames" : [
{
"is_managed" : "false",
"native_address" : "0x152be851a",
"native_offset" : "0x00000"
}
,
{
"is_managed" : "false",
"native_address" : "0x152d414f0",
"native_offset" : "0x00000"
}
,
{
"is_managed" : "false",
"native_address" : "0x152d4182a",
"native_offset" : "0x00000"
}
,
{
"is_managed" : "false",
"native_address" : "0x152d415e1",
"native_offset" : "0x00000"
}
,
{
"is_managed" : "false",
"native_address" : "0x152c45d71",
"native_offset" : "0x00000"
}
,
{
"is_managed" : "false",
"native_address" : "0x7ff80fd87e2d",
"native_offset" : "0x00000"
}
,
{
"is_managed" : "false",
"native_address" : "unregistered"
}
,
{
"is_managed" : "false",
"native_address" : "0x152d8ff4c",
"native_offset" : "0x00000"
}
,
{
"is_managed" : "false",
"native_address" : "0x152d4c545",
"native_offset" : "0x00000"
}
,
{
"is_managed" : "false",
"native_address" : "0x152d4c3a7",
"native_offset" : "0x00000"
}
,
{
"is_managed" : "false",
"native_address" : "0x152d4c63c",
"native_offset" : "0x00000"
}
,
{
"is_managed" : "false",
"native_address" : "0x152d3cd12",
"native_offset" : "0x00000"
}
,
{
"is_managed" : "false",
"native_address" : "0x152ce7f5e",
"native_offset" : "0x00000"
}
,
{
"is_managed" : "true",
"guid" : "E38A6D3E-E47C-43EB-9B2E-49C63FC0AA48",
"token" : "0x00000",
"native_offset" : "0x0",
"filename" : "mscorlib.dll",
"sizeofimage" : "0x470000",
"timestamp" : "0xaf0ada7a",
"il_offset" : "0x00000"
}
,
{
"is_managed" : "true",
"guid" : "E38A6D3E-E47C-43EB-9B2E-49C63FC0AA48",
"token" : "0x600209e",
"native_offset" : "0x0",
"filename" : "mscorlib.dll",
"sizeofimage" : "0x470000",
"timestamp" : "0xaf0ada7a",
"il_offset" : "0x00000"
}
,
{
"is_managed" : "true",
"guid" : "7D5B346E-100B-493A-8D2D-B4ABD4098568",
"token" : "0x600023e",
"native_offset" : "0x0",
"filename" : "Bee.BeeDriver.dll",
"sizeofimage" : "0x1c000",
"timestamp" : "0xea634193",
"il_offset" : "0x00000"
}
,
{
"is_managed" : "true",
"guid" : "E38A6D3E-E47C-43EB-9B2E-49C63FC0AA48",
"token" : "0x60023fd",
"native_offset" : "0x0",
"filename" : "mscorlib.dll",
"sizeofimage" : "0x470000",
"timestamp" : "0xaf0ada7a",
"il_offset" : "0x00000"
}
,
{
"is_managed" : "true",
"guid" : "E38A6D3E-E47C-43EB-9B2E-49C63FC0AA48",
"token" : "0x6001f23",
"native_offset" : "0x0",
"filename" : "mscorlib.dll",
"sizeofimage" : "0x470000",
"timestamp" : "0xaf0ada7a",
"il_offset" : "0x00000"
}
,
{
"is_managed" : "true",
"guid" : "E38A6D3E-E47C-43EB-9B2E-49C63FC0AA48",
"token" : "0x60023fc",
"native_offset" : "0x0",
"filename" : "mscorlib.dll",
"sizeofimage" : "0x470000",
"timestamp" : "0xaf0ada7a",
"il_offset" : "0x00000"
}
,
{
"is_managed" : "true",
"guid" : "E38A6D3E-E47C-43EB-9B2E-49C63FC0AA48",
"token" : "0x6002046",
"native_offset" : "0x0",
"filename" : "mscorlib.dll",
"sizeofimage" : "0x470000",
"timestamp" : "0xaf0ada7a",
"il_offset" : "0x00000"
}
,
{
"is_managed" : "false",
"native_address" : "0x152b6bf3c",
"native_offset" : "0x00000"
}
,
{
"is_managed" : "false",
"native_address" : "0x152d21467",
"native_offset" : "0x00000"
}
,
{
"is_managed" : "false",
"native_address" : "0x152d448a0",
"native_offset" : "0x00000"
}
,
{
"is_managed" : "false",
"native_address" : "0x152c9a693",
"native_offset" : "0x00000"
}
,
{
"is_managed" : "false",
"native_address" : "0x152d42238",
"native_offset" : "0x00000"
}
,
{
"is_managed" : "false",
"native_address" : "0x152d420dd",
"native_offset" : "0x00000"
}
,
{
"is_managed" : "false",
"native_address" : "0x152dbf381",
"native_offset" : "0x00000"
}
,
{
"is_managed" : "false",
"native_address" : "0x152dbf319",
"native_offset" : "0x00000"
}
,
{
"is_managed" : "false",
"native_address" : "0x7ff80fd72514",
"native_offset" : "0x00000"
}
,
{
"is_managed" : "false",
"native_address" : "0x7ff80fd6e02f",
"native_offset" : "0x00000"
}

]
},
{
"is_managed" : true,
"offset_free_hash" : "0xd4190207a",
"offset_rich_hash" : "0xd41902316",
"crashed" : false,
"native_thread_id" : "0x7000072f2000",
"thread_info_addr" : "0x7fce98e84600",
"thread_name" : "Thread Pool Worker",
"ctx" : {
"IP" : "0x7ff80fd364e6",
"SP" : "0x7000072f1488",
"BP" : "0x7000072f14e0"
},
"managed_frames" : [
{
"is_managed" : "false",
"native_address" : "unregistered"
}
,
{
"is_managed" : "true",
"guid" : "E38A6D3E-E47C-43EB-9B2E-49C63FC0AA48",
"token" : "0x00000",
"native_offset" : "0x0",
"filename" : "mscorlib.dll",
"sizeofimage" : "0x470000",
"timestamp" : "0xaf0ada7a",
"il_offset" : "0x00000"
}
,
{
"is_managed" : "true",
"guid" : "E38A6D3E-E47C-43EB-9B2E-49C63FC0AA48",
"token" : "0x6005989",
"native_offset" : "0x0",
"filename" : "mscorlib.dll",
"sizeofimage" : "0x470000",
"timestamp" : "0xaf0ada7a",
"il_offset" : "0x00010"
}
,
{
"is_managed" : "true",
"guid" : "E38A6D3E-E47C-43EB-9B2E-49C63FC0AA48",
"token" : "0x6005947",
"native_offset" : "0x0",
"filename" : "mscorlib.dll",
"sizeofimage" : "0x470000",
"timestamp" : "0xaf0ada7a",
"il_offset" : "0x00002"
}
,
{
"is_managed" : "true",
"guid" : "E38A6D3E-E47C-43EB-9B2E-49C63FC0AA48",
"token" : "0x600592e",
"native_offset" : "0x0",
"filename" : "mscorlib.dll",
"sizeofimage" : "0x470000",
"timestamp" : "0xaf0ada7a",
"il_offset" : "0x00026"
}
,
{
"is_managed" : "true",
"guid" : "E38A6D3E-E47C-43EB-9B2E-49C63FC0AA48",
"token" : "0x600592d",
"native_offset" : "0x0",
"filename" : "mscorlib.dll",
"sizeofimage" : "0x470000",
"timestamp" : "0xaf0ada7a",
"il_offset" : "0x000a1"
}
,
{
"is_managed" : "true",
"guid" : "E38A6D3E-E47C-43EB-9B2E-49C63FC0AA48",
"token" : "0x6005876",
"native_offset" : "0x0",
"filename" : "mscorlib.dll",
"sizeofimage" : "0x470000",
"timestamp" : "0xaf0ada7a",
"il_offset" : "0x0000b"
}
,
{
"is_managed" : "true",
"guid" : "E38A6D3E-E47C-43EB-9B2E-49C63FC0AA48",
"token" : "0x6002300",
"native_offset" : "0x0",
"filename" : "mscorlib.dll",
"sizeofimage" : "0x470000",
"timestamp" : "0xaf0ada7a",
"il_offset" : "0x0002b"
}
,
{
"is_managed" : "true",
"guid" : "E38A6D3E-E47C-43EB-9B2E-49C63FC0AA48",
"token" : "0x60023fa",
"native_offset" : "0x0",
"filename" : "mscorlib.dll",
"sizeofimage" : "0x470000",
"timestamp" : "0xaf0ada7a",
"il_offset" : "0x00000"
}
,
{
"is_managed" : "true",
"guid" : "E38A6D3E-E47C-43EB-9B2E-49C63FC0AA48",
"token" : "0x60023fd",
"native_offset" : "0x0",
"filename" : "mscorlib.dll",
"sizeofimage" : "0x470000",
"timestamp" : "0xaf0ada7a",
"il_offset" : "0x00000"
}
,
{
"is_managed" : "true",
"guid" : "E38A6D3E-E47C-43EB-9B2E-49C63FC0AA48",
"token" : "0x6001f25",
"native_offset" : "0x0",
"filename" : "mscorlib.dll",
"sizeofimage" : "0x470000",
"timestamp" : "0xaf0ada7a",
"il_offset" : "0x00071"
}
,
{
"is_managed" : "true",
"guid" : "E38A6D3E-E47C-43EB-9B2E-49C63FC0AA48",
"token" : "0x6001f23",
"native_offset" : "0x0",
"filename" : "mscorlib.dll",
"sizeofimage" : "0x470000",
"timestamp" : "0xaf0ada7a",
"il_offset" : "0x00000"
}
,
{
"is_managed" : "true",
"guid" : "E38A6D3E-E47C-43EB-9B2E-49C63FC0AA48",
"token" : "0x6002466",
"native_offset" : "0x0",
"filename" : "mscorlib.dll",
"sizeofimage" : "0x470000",
"timestamp" : "0xaf0ada7a",
"il_offset" : "0x00034"
}
,
{
"is_managed" : "true",
"guid" : "E38A6D3E-E47C-43EB-9B2E-49C63FC0AA48",
"token" : "0x60023fc",
"native_offset" : "0x0",
"filename" : "mscorlib.dll",
"sizeofimage" : "0x470000",
"timestamp" : "0xaf0ada7a",
"il_offset" : "0x0004a"
}
,
{
"is_managed" : "true",
"guid" : "E38A6D3E-E47C-43EB-9B2E-49C63FC0AA48",
"token" : "0x60023fb",
"native_offset" : "0x0",
"filename" : "mscorlib.dll",
"sizeofimage" : "0x470000",
"timestamp" : "0xaf0ada7a",
"il_offset" : "0x00000"
}
,
{
"is_managed" : "true",
"guid" : "E38A6D3E-E47C-43EB-9B2E-49C63FC0AA48",
"token" : "0x6002031",
"native_offset" : "0x0",
"filename" : "mscorlib.dll",
"sizeofimage" : "0x470000",
"timestamp" : "0xaf0ada7a",
"il_offset" : "0x00074"
}
,
{
"is_managed" : "true",
"guid" : "E38A6D3E-E47C-43EB-9B2E-49C63FC0AA48",
"token" : "0x6002046",
"native_offset" : "0x0",
"filename" : "mscorlib.dll",
"sizeofimage" : "0x470000",
"timestamp" : "0xaf0ada7a",
"il_offset" : "0x00000"
}
,
{
"is_managed" : "true",
"guid" : "E38A6D3E-E47C-43EB-9B2E-49C63FC0AA48",
"token" : "0x00000",
"native_offset" : "0x0",
"filename" : "mscorlib.dll",
"sizeofimage" : "0x470000",
"timestamp" : "0xaf0ada7a",
"il_offset" : "0x0002a"
}

],
"unmanaged_frames" : [
{
"is_managed" : "false",
"native_address" : "0x152be851a",
"native_offset" : "0x00000"
}
,
{
"is_managed" : "false",
"native_address" : "0x152d414f0",
"native_offset" : "0x00000"
}
,
{
"is_managed" : "false",
"native_address" : "0x152d4182a",
"native_offset" : "0x00000"
}
,
{
"is_managed" : "false",
"native_address" : "0x152d415e1",
"native_offset" : "0x00000"
}
,
{
"is_managed" : "false",
"native_address" : "0x152c45d71",
"native_offset" : "0x00000"
}
,
{
"is_managed" : "false",
"native_address" : "0x7ff80fd87e2d",
"native_offset" : "0x00000"
}
,
{
"is_managed" : "false",
"native_address" : "unregistered"
}
,
{
"is_managed" : "false",
"native_address" : "0x152c92986",
"native_offset" : "0x00000"
}
,
{
"is_managed" : "false",
"native_address" : "0x152cc9e96",
"native_offset" : "0x00000"
}
,
{
"is_managed" : "false",
"native_address" : "0x152cdd9af",
"native_offset" : "0x00000"
}
,
{
"is_managed" : "true",
"guid" : "E38A6D3E-E47C-43EB-9B2E-49C63FC0AA48",
"token" : "0x00000",
"native_offset" : "0x0",
"filename" : "mscorlib.dll",
"sizeofimage" : "0x470000",
"timestamp" : "0xaf0ada7a",
"il_offset" : "0x00000"
}
,
{
"is_managed" : "true",
"guid" : "E38A6D3E-E47C-43EB-9B2E-49C63FC0AA48",
"token" : "0x6005947",
"native_offset" : "0x0",
"filename" : "mscorlib.dll",
"sizeofimage" : "0x470000",
"timestamp" : "0xaf0ada7a",
"il_offset" : "0x00000"
}

]
},
{
"is_managed" : true,
"offset_free_hash" : "0xd4190207a",
"offset_rich_hash" : "0xd41902316",
"crashed" : false,
"native_thread_id" : "0x700006eec000",
"thread_info_addr" : "0x7fce9d535a00",
"thread_name" : "Thread Pool Worker",
"ctx" : {
"IP" : "0x7ff80fd364e6",
"SP" : "0x700006eeb488",
"BP" : "0x700006eeb4e0"
},
"managed_frames" : [
{
"is_managed" : "false",
"native_address" : "unregistered"
}
,
{
"is_managed" : "true",
"guid" : "E38A6D3E-E47C-43EB-9B2E-49C63FC0AA48",
"token" : "0x00000",
"native_offset" : "0x0",
"filename" : "mscorlib.dll",
"sizeofimage" : "0x470000",
"timestamp" : "0xaf0ada7a",
"il_offset" : "0x00000"
}
,
{
"is_managed" : "true",
"guid" : "E38A6D3E-E47C-43EB-9B2E-49C63FC0AA48",
"token" : "0x6005989",
"native_offset" : "0x0",
"filename" : "mscorlib.dll",
"sizeofimage" : "0x470000",
"timestamp" : "0xaf0ada7a",
"il_offset" : "0x00010"
}
,
{
"is_managed" : "true",
"guid" : "E38A6D3E-E47C-43EB-9B2E-49C63FC0AA48",
"token" : "0x6005947",
"native_offset" : "0x0",
"filename" : "mscorlib.dll",
"sizeofimage" : "0x470000",
"timestamp" : "0xaf0ada7a",
"il_offset" : "0x00002"
}
,
{
"is_managed" : "true",
"guid" : "E38A6D3E-E47C-43EB-9B2E-49C63FC0AA48",
"token" : "0x600592e",
"native_offset" : "0x0",
"filename" : "mscorlib.dll",
"sizeofimage" : "0x470000",
"timestamp" : "0xaf0ada7a",
"il_offset" : "0x00026"
}
,
{
"is_managed" : "true",
"guid" : "E38A6D3E-E47C-43EB-9B2E-49C63FC0AA48",
"token" : "0x600592d",
"native_offset" : "0x0",
"filename" : "mscorlib.dll",
"sizeofimage" : "0x470000",
"timestamp" : "0xaf0ada7a",
"il_offset" : "0x000a1"
}
,
{
"is_managed" : "true",
"guid" : "E38A6D3E-E47C-43EB-9B2E-49C63FC0AA48",
"token" : "0x6005876",
"native_offset" : "0x0",
"filename" : "mscorlib.dll",
"sizeofimage" : "0x470000",
"timestamp" : "0xaf0ada7a",
"il_offset" : "0x0000b"
}
,
{
"is_managed" : "true",
"guid" : "E38A6D3E-E47C-43EB-9B2E-49C63FC0AA48",
"token" : "0x6002300",
"native_offset" : "0x0",
"filename" : "mscorlib.dll",
"sizeofimage" : "0x470000",
"timestamp" : "0xaf0ada7a",
"il_offset" : "0x0002b"
}
,
{
"is_managed" : "true",
"guid" : "E38A6D3E-E47C-43EB-9B2E-49C63FC0AA48",
"token" : "0x60023fa",
"native_offset" : "0x0",
"filename" : "mscorlib.dll",
"sizeofimage" : "0x470000",
"timestamp" : "0xaf0ada7a",
"il_offset" : "0x00000"
}
,
{
"is_managed" : "true",
"guid" : "E38A6D3E-E47C-43EB-9B2E-49C63FC0AA48",
"token" : "0x60023fd",
"native_offset" : "0x0",
"filename" : "mscorlib.dll",
"sizeofimage" : "0x470000",
"timestamp" : "0xaf0ada7a",
"il_offset" : "0x00000"
}
,
{
"is_managed" : "true",
"guid" : "E38A6D3E-E47C-43EB-9B2E-49C63FC0AA48",
"token" : "0x6001f25",
"native_offset" : "0x0",
"filename" : "mscorlib.dll",
"sizeofimage" : "0x470000",
"timestamp" : "0xaf0ada7a",
"il_offset" : "0x00071"
}
,
{
"is_managed" : "true",
"guid" : "E38A6D3E-E47C-43EB-9B2E-49C63FC0AA48",
"token" : "0x6001f23",
"native_offset" : "0x0",
"filename" : "mscorlib.dll",
"sizeofimage" : "0x470000",
"timestamp" : "0xaf0ada7a",
"il_offset" : "0x00000"
}
,
{
"is_managed" : "true",
"guid" : "E38A6D3E-E47C-43EB-9B2E-49C63FC0AA48",
"token" : "0x6002466",
"native_offset" : "0x0",
"filename" : "mscorlib.dll",
"sizeofimage" : "0x470000",
"timestamp" : "0xaf0ada7a",
"il_offset" : "0x00034"
}
,
{
"is_managed" : "true",
"guid" : "E38A6D3E-E47C-43EB-9B2E-49C63FC0AA48",
"token" : "0x60023fc",
"native_offset" : "0x0",
"filename" : "mscorlib.dll",
"sizeofimage" : "0x470000",
"timestamp" : "0xaf0ada7a",
"il_offset" : "0x0004a"
}
,
{
"is_managed" : "true",
"guid" : "E38A6D3E-E47C-43EB-9B2E-49C63FC0AA48",
"token" : "0x60023fb",
"native_offset" : "0x0",
"filename" : "mscorlib.dll",
"sizeofimage" : "0x470000",
"timestamp" : "0xaf0ada7a",
"il_offset" : "0x00000"
}
,
{
"is_managed" : "true",
"guid" : "E38A6D3E-E47C-43EB-9B2E-49C63FC0AA48",
"token" : "0x6002031",
"native_offset" : "0x0",
"filename" : "mscorlib.dll",
"sizeofimage" : "0x470000",
"timestamp" : "0xaf0ada7a",
"il_offset" : "0x00074"
}
,
{
"is_managed" : "true",
"guid" : "E38A6D3E-E47C-43EB-9B2E-49C63FC0AA48",
"token" : "0x6002046",
"native_offset" : "0x0",
"filename" : "mscorlib.dll",
"sizeofimage" : "0x470000",
"timestamp" : "0xaf0ada7a",
"il_offset" : "0x00000"
}
,
{
"is_managed" : "true",
"guid" : "E38A6D3E-E47C-43EB-9B2E-49C63FC0AA48",
"token" : "0x00000",
"native_offset" : "0x0",
"filename" : "mscorlib.dll",
"sizeofimage" : "0x470000",
"timestamp" : "0xaf0ada7a",
"il_offset" : "0x0002a"
}

],
"unmanaged_frames" : [
{
"is_managed" : "false",
"native_address" : "0x152be851a",
"native_offset" : "0x00000"
}
,
{
"is_managed" : "false",
"native_address" : "0x152d414f0",
"native_offset" : "0x00000"
}
,
{
"is_managed" : "false",
"native_address" : "0x152d4182a",
"native_offset" : "0x00000"
}
,
{
"is_managed" : "false",
"native_address" : "0x152d415e1",
"native_offset" : "0x00000"
}
,
{
"is_managed" : "false",
"native_address" : "0x152c45d71",
"native_offset" : "0x00000"
}
,
{
"is_managed" : "false",
"native_address" : "0x7ff80fd87e2d",
"native_offset" : "0x00000"
}
,
{
"is_managed" : "false",
"native_address" : "0x10cde7400",
"native_offset" : "0x00000"
}
,
{
"is_managed" : "false",
"native_address" : "0x152c92986",
"native_offset" : "0x00000"
}
,
{
"is_managed" : "false",
"native_address" : "0x152cc9e96",
"native_offset" : "0x00000"
}
,
{
"is_managed" : "false",
"native_address" : "0x152cdd9af",
"native_offset" : "0x00000"
}
,
{
"is_managed" : "true",
"guid" : "E38A6D3E-E47C-43EB-9B2E-49C63FC0AA48",
"token" : "0x00000",
"native_offset" : "0x0",
"filename" : "mscorlib.dll",
"sizeofimage" : "0x470000",
"timestamp" : "0xaf0ada7a",
"il_offset" : "0x00000"
}
,
{
"is_managed" : "true",
"guid" : "E38A6D3E-E47C-43EB-9B2E-49C63FC0AA48",
"token" : "0x6005947",
"native_offset" : "0x0",
"filename" : "mscorlib.dll",
"sizeofimage" : "0x470000",
"timestamp" : "0xaf0ada7a",
"il_offset" : "0x00000"
}

]
}
]
}